{"name":"b005e29d-47f0-41f1-84b8-78ffdcb787c3","id":"/providers/Microsoft.Flow/flows/b005e29d-47f0-41f1-84b8-78ffdcb787c3","type":"Microsoft.Flow/flows","properties":{"apiId":"/providers/Microsoft.PowerApps/apis/shared_logicflows","displayName":"CopyFlow","definition":{"metadata":{"workflowEntityId":null,"processAdvisorMetadata":null,"flowclientsuspensionreason":"None","flowclientsuspensiontime":null,"creator":{"id":"da0e9c97-68b9-4bfd-92df-fcd204db19a2","type":"User","tenantId":"6ac40006-b6fe-4b12-951f-4825b5bb21d4"},"provisioningMethod":"FromDefinition","failureAlertSubscription":true,"clientLastModifiedTime":"2022-04-07T09:09:47.34586Z"},"$schema":"https://schema.management.azure.com/providers/Microsoft.Logic/schemas/2016-06-01/workflowdefinition.json#","contentVersion":"1.0.0.0","parameters":{"$connections":{"defaultValue":{},"type":"Object"},"$authentication":{"defaultValue":{},"type":"SecureObject"}},"triggers":{"manual":{"metadata":{"operationMetadataId":"3c2f5e95-dd52-4e4c-9f24-c03a84bba956"},"type":"Request","kind":"Button","inputs":{"schema":{"type":"object","properties":{"text":{"title":"FlowName","type":"string","x-ms-dynamically-added":true,"description":"フロー名を指定してください","x-ms-content-hint":"TEXT"}},"required":["text"]}}}},"actions":{"環境を取得する":{"runAfter":{"変数NowTimeを初期化する":["Succeeded"]},"metadata":{"operationMetadataId":"0bbde7c8-654c-4db2-8a8d-d10d6f52b2d7"},"type":"OpenApiConnection","inputs":{"host":{"apiId":"/providers/Microsoft.PowerApps/apis/shared_powerappsforappmakers","connectionName":"shared_powerappsforappmakers","operationId":"Get-Environments"},"parameters":{"api-version":"2016-11-01","$top":250},"authentication":{"value":"@json(decodeBase64(triggerOutputs().headers['X-MS-APIM-Tokens']))['$ConnectionKey']","type":"Raw"}}},"Apply_to_each_environment":{"foreach":"@outputs('環境を取得する')?['body/value']","actions":{"自分のフローの一覧表示":{"runAfter":{},"metadata":{"operationMetadataId":"4c1fa99e-36ed-447c-8a4d-62e302ae1be8"},"type":"OpenApiConnection","inputs":{"host":{"apiId":"/providers/Microsoft.PowerApps/apis/shared_flowmanagement","connectionName":"shared_flowmanagement","operationId":"ListMyFlows"},"parameters":{"environmentName":"@items('Apply_to_each_environment')?['name']"},"authentication":{"value":"@json(decodeBase64(triggerOutputs().headers['X-MS-APIM-Tokens']))['$ConnectionKey']","type":"Raw"}}},"フローを管理者として一覧表示":{"runAfter":{"Apply_to_each_flow":["Succeeded"]},"metadata":{"operationMetadataId":"26e43608-8998-4cb0-98ed-98c5e6c54e40"},"type":"OpenApiConnection","inputs":{"host":{"apiId":"/providers/Microsoft.PowerApps/apis/shared_flowmanagement","connectionName":"shared_flowmanagement","operationId":"ListFlowsInEnvironment"},"parameters":{"environmentName":"@items('Apply_to_each_environment')?['name']"},"authentication":{"value":"@json(decodeBase64(triggerOutputs().headers['X-MS-APIM-Tokens']))['$ConnectionKey']","type":"Raw"}}},"Apply_to_each_flow":{"foreach":"@outputs('自分のフローの一覧表示')?['body/value']","actions":{"条件":{"actions":{"変数EnvironmentNameの設定":{"runAfter":{},"metadata":{"operationMetadataId":"1dd5bf41-3b34-4d8a-a889-f350bba20d5b"},"type":"SetVariable","inputs":{"name":"EnvironmentName","value":"@items('Apply_to_each_environment')?['name']"}},"変数FlowIDの設定":{"runAfter":{"変数EnvironmentNameの設定":["Succeeded"]},"metadata":{"operationMetadataId":"34622d0d-d85a-41b2-a5d6-aa5147ddb132"},"type":"SetVariable","inputs":{"name":"FlowID","value":"@items('Apply_to_each_flow')?['name']"}}},"runAfter":{},"expression":{"equals":["","@triggerBody()['text']"]},"metadata":{"operationMetadataId":"bb55d50e-6f70-4e1e-8e11-27f0965d4975"},"type":"If"}},"runAfter":{"自分のフローの一覧表示":["Succeeded"]},"metadata":{"operationMetadataId":"507967e4-b643-477e-b6fa-4adab8e8505e"},"type":"Foreach"},"Apply_to_each_flow_as_admin":{"foreach":"@outputs('フローを管理者として一覧表示')?['body/value']","actions":{"条件_2":{"actions":{"変数EnvironmentNameの設定_as_admin":{"runAfter":{},"metadata":{"operationMetadataId":"8f0c898a-d07c-4ccf-812a-a9549a311c81"},"type":"SetVariable","inputs":{"name":"EnvironmentName","value":"@items('Apply_to_each_environment')?['name']"}},"変数FlowIDの設定_as_admin":{"runAfter":{"変数EnvironmentNameの設定_as_admin":["Succeeded"]},"metadata":{"operationMetadataId":"ecdaf826-fd6f-40b5-a88d-4dea7810fd1c"},"type":"SetVariable","inputs":{"name":"FlowID","value":"@items('Apply_to_each_flow_as_admin')?['name']"}}},"runAfter":{},"expression":{"equals":["","@triggerBody()['text']"]},"metadata":{"operationMetadataId":"8bc6de2b-266f-468a-bdf3-f6b8fb69886b"},"type":"If"}},"runAfter":{"フローを管理者として一覧表示":["Succeeded"]},"metadata":{"operationMetadataId":"0ba6d8e6-cb6c-4666-ad54-758452839f45"},"type":"Foreach"},"作成FlowID":{"runAfter":{"フローを管理者として一覧表示":["Failed"]},"metadata":{"operationMetadataId":"100160bf-73fc-459d-8bed-eec4416c61be"},"type":"Compose","inputs":"@variables('FlowID')"}},"runAfter":{"環境を取得する":["Succeeded"]},"metadata":{"operationMetadataId":"46acd9be-74d9-45e3-8425-348b74b7c25a"},"type":"Foreach"},"変数FlowIDを初期化する":{"runAfter":{"変数EnvironmentNameを初期化する":["Succeeded"]},"metadata":{"operationMetadataId":"adea60c3-61b6-417b-911c-104a08a616bc"},"type":"InitializeVariable","inputs":{"variables":[{"name":"FlowID","type":"string"}]}},"条件_3":{"actions":{"フローの取得":{"runAfter":{},"metadata":{"operationMetadataId":"fd3df5bd-96db-494d-a760-4c4017a3c607"},"type":"OpenApiConnection","inputs":{"host":{"apiId":"/providers/Microsoft.PowerApps/apis/shared_flowmanagement","connectionName":"shared_flowmanagement","operationId":"GetFlow"},"parameters":{"environmentName":"@variables('EnvironmentName')","flowName":"@variables('FlowID')"},"authentication":{"value":"@json(decodeBase64(triggerOutputs().headers['X-MS-APIM-Tokens']))['$ConnectionKey']","type":"Raw"}}},"フローの作成":{"runAfter":{"フローの取得":["Succeeded"]},"metadata":{"operationMetadataId":"e6a33479-b5a3-4373-af14-3e1629e86e2c"},"type":"OpenApiConnection","inputs":{"host":{"apiId":"/providers/Microsoft.PowerApps/apis/shared_flowmanagement","connectionName":"shared_flowmanagement","operationId":"CreateFlow"},"parameters":{"environmentName":"@variables('EnvironmentName')","Flow/properties/displayName":"@{outputs('フローの取得')?['body/properties/displayName']}_@{variables('NowTime')}","Flow/properties/definition":"@outputs('フローの取得')?['body/properties/definition']","Flow/properties/state":"Started"},"authentication":{"value":"@json(decodeBase64(triggerOutputs().headers['X-MS-APIM-Tokens']))['$ConnectionKey']","type":"Raw"}}}},"runAfter":{"Apply_to_each_environment":["Succeeded"]},"expression":{"and":[{"not":{"equals":["@variables('EnvironmentName')",""]}},{"not":{"equals":["@variables('FlowID')",""]}}]},"metadata":{"operationMetadataId":"ff098fab-b199-4aee-9a15-95bdab658fef"},"type":"If"},"変数EnvironmentNameを初期化する":{"runAfter":{},"metadata":{"operationMetadataId":"18d701a2-7e0a-4daa-972c-5ceb28c5b1f0"},"type":"InitializeVariable","inputs":{"variables":[{"name":"EnvironmentName","type":"string"}]}},"変数NowTimeを初期化する":{"runAfter":{"現在の時刻":["Succeeded"]},"metadata":{"operationMetadataId":"a2bfa701-3696-4cf5-9db0-683b1ee42947"},"type":"InitializeVariable","inputs":{"variables":[{"name":"NowTime","type":"string","value":"@{formatDateTime(addHours(body('現在の時刻'), 9), 'yyyyMMddHHmmss')}"}]}},"現在の時刻":{"runAfter":{"変数FlowIDを初期化する":["Succeeded"]},"metadata":{"operationMetadataId":"7aa5ce01-e475-445d-8485-7f76f3f6a730"},"type":"Expression","kind":"CurrentTime","inputs":{}}}},"connectionReferences":{"shared_powerappsforappmakers":{"connectionName":"57733df310074c908f723cb7f305d77d","source":"Invoker","id":"/providers/Microsoft.PowerApps/apis/shared_powerappsforappmakers","tier":"NotSpecified"},"shared_flowmanagement":{"connectionName":"shared-flowmanagemen-5e541ff9-c4d0-42f8-a5a4-6bd42f6067ed","source":"Invoker","id":"/providers/Microsoft.PowerApps/apis/shared_flowmanagement","tier":"NotSpecified"}},"flowFailureAlertSubscribed":false}}